Item,GSSlabel,label
ABANY,Abortion if woman wants for any reason,Do you think it should be possible for a pregnant woman to obtain a legal abortion if the woman wants it for any reason?
ABDEFECT,Strong chance of serious defect,Do you think it should be possible for a pregnant woman to obtain a legal abortion if there is a strong chance of serious defect in the baby?
ABFELEGL,Women only: Women should be able to have legal abortions,
ABHELP1,R would help with arrangements for abortion,
ABHELP2,R would help with paying for abortion,
ABHELP3,R would help with paying for abortion-related other costs,
ABHELP4,R would help with emotional support for abortion,
ABHLTH,Woman's health seriously endangered,Do you think it should be possible for a pregnant woman to obtain a legal abortion if the woman's own health is seriously endangered by the pregnancy?
ABINSPAY,Should people be able to use health insurance for abortion - Ver Y,
ABMEDGOV1,Woman and doctor or Govt should decide what info needed for abortion - Ver X,
ABMEDGOV2,Woman and doctor or Govt should decide what info needed for childbirth - Ver Y,
ABMELEGL,Men only: Women should be able to have legal abortions,
ABMORAL,R has a moral opposition to abortion,
ABNOMORE,Married--wants no more children,Do you think it should be possible for a pregnant woman to obtain a legal abortion if she is married and does not want any more children?
ABPOOR,Low income--cant afford more children,Do you think it should be possible for a pregnant woman to obtain a legal abortion if the family has a very low income and cannot afford any more children?
ABPOORW,Wrong for woman to get abortion if low income?,
ABRAPE,Pregnant as result of rape,Do you think it should be possible for a pregnant woman to obtain a legal abortion if she became pregnant as a result of rape?
ABSINGLE,Not married,Do you think it should be possible for a pregnant woman to obtain a legal abortion if she is not married and does not want to marry the man?
ABSTATE1,Difficulty of obtaining abortion in R's state,
ABSTATE2,Change abortion laws in R's state to make it easier or harder to get an abortion,
ACQNTSEX,R had sex with acquaintance last year,
ACTSSOC,How well R carries out usual social activities,
ADMINCONSENT,Consent to possible data linkage,
ADULTS,Household members 18 yrs and older,
ADVFRONT,Sci Rsch is necessary and should be supported by federal govt,
AFFRMACT,Favor preference in hiring blacks,
AFRAIDOF,People act as if they are afraid of R,(In your day-to-day life how often have any of the following things happened to you?) People act as if they are afraid of you.
AFTERLIF,Belief in life after death,
AGE,Age of respondent,How old {response to agefill} last birthday?
AGED,Should aged live with their children,
AGEKDBRN,R's age when 1st child born,
ANCESTRS,Believe in supernatural power of deceased ancestors,
ARTHRTIS,Told have arthritis or rheumatism,
ASTROLGY,Ever read a horoscope or Personal astrology report,
ASTROSCI,Astrology is scientific,
ATHEISTS,What is your personal attitude towards members of the following religious group - Athiests,
ATTEND,How often R attends religious services,How often do you attend religious services?
ATTEND12,Freq of R's relig svc attendance at age 12,
ATTENDMA,Freq of R's mom's relig svc attendance,
ATTENDPA,Freq of R's dad's relig svc attendance,
AWAY1,Is 1st person staying somewhere else now?,
AWAY11,Is 11th person (visitor) staying elsewhere now?,
AWAY2,Is 2nd person staying somewhere else now?,
AWAY3,Is 3rd person staying somewhere else now?,
AWAY4,Is 4th person staying somewhere else now?,
AWAY5,Is 5th person staying somewhere else now?,
AWAY6,Is 6th person staying somewhere else now?,
AWAY7,Is 7th person staying somewhere else now?,
BABIES,Household members less than 6 yrs old,
BACKPAIN,R had back pain in the past 12 months,
BALLOT,Ballot used for interview,
BALNEG,Sci research is strongly in favor of harmful results,
BALPOS,Sci research is strongly in favor of benefits,
BEFAIR,How often do you think people take advantage,
BETRLANG,Which language R speaks more fluent,Which language do you speak more fluently?
BIBLE,Feelings about the bible,Which one of these statements comes closest to describing your feelings about the Bible?
BIGBANG,Sci knowledge: the universe began with a huge explosion,
BIGBANG1,Universe began with a big explosion: true or false,
BIGBANG2,Universe expanding since it began: true or false,
BIRD,Bird,
BIRDB4,Bird,
BORN,Was R born in this country,
BOYORGRL,Sci knowledge: father gene decides sex of baby,
BREAKDWN,How likely X is experiencing nervous breakdown,
BUDDHSTS,What is your personal attitude towards members of the following religious group - Buddhists,
BUYESOP,Does employee ownership matter when R thinks about buying from a company,
BUYVALUE,Percent of company stock R bought from own money,
CANTRUST,People can be trusted or cant be too careful,
CAPPUN,Favor or oppose death penalty for murder,Do you favor or oppose the death penalty for persons convicted of murder?
CAT,Cat,
CATB4,Cat,
CHARACTR,How likely X s situation caused by bad character,
CHEMGEN,Pesticides danger to envir,
CHILDS,Number of children,How many children have you ever had? Please count all that were born alive at any time (including any you had from a previous marriage).
CHLDIDEL,Ideal number of children,What do you think is the ideal number of children for a family to have?
CHRISTNS,What is your personal attitude towards members of the following religious group - Christians,
CHURHPOW,Do churches have too much power?,
CLASS,Subjective class identification,"If you were asked to use one of four names for your social class, which would you say you belong in: the lower class, the working class, the middle class, or the upper class?"
CLERGVTE,Clergy shouldn't try to influence voters,
CLOSETO1,How close R is to Person 1,
CLOSETO2,How close R is to Person 2,
CLOSETO3,How close R is to Person 3,
CLOSETO4,How close R is to Person 4,
CLOSETO5,How close R is to Person 5,
CNTCTFAM,How often R contacts their most-contacted extended family member,
CNTCTFRD,How often R contacts their most-contacted close friend,
CNTCTKID,How often R contacts their most-contacted adult child,
CNTCTPAR,How often R contacts their most-contacted parent,
CNTCTSIB,How often R contacts their most-contacted sibling,
CODEG,Partner's highest degree,
CODEN,Partner's denomination,
COEDUC,"Highest year school completed, partner",
COEVWORK,Partner ever work as long as a year,
COFUND,How fundamentalist is partner's current religion,
COHORT,Year of birth,
COHRS1,Number of hours partner worked last week,
COHRS2,No. of hours partner usually works a week,
COIND10,Partner's industry code (2010),
COISCO08,"Partner's occupation, 2010 census & 2008 ISCO code",
COJew,What sort of Jew Is R's partner currently,
COLATH,Allow anti-religionist to teach,"Should such a person be allowed to teach in a college or university, or not? (somebody who is against all churches and religion)"
COLCOM,Should communist teacher be fired," Suppose he is teaching in a college. Should he be fired, or not? (communist)"
COLDEG1,The highest degree R have earned,
COLHOMO,Allow homosexual to teach,"Should such a person be allowed to teach in a college or university, or not? (homosexual)"
COLMIL,Allow militarist to teach,"Should such a person be allowed to teach in a college or university, or not? (militarist)"
COLMSLM,Allow anti-American muslim clergymen teaching in college,"Should such a person be allowed to teach in a college or university, or not? (anti-American muslim clergymen)"
COLRAC,Allow racist to teach," Should such a person be allowed to teach in a college or university, or not? (racist)"
COLSCI,R has taken any college-level sci course,
COLSCINM,Number of college-level sci courses R have taken,
COMFORT,Religion helps people to gain comfort in times of trouble and sorrow,
COMPANY,Which company would R prefer to work for,
COMPPERF,Size of perf based pay depend on profits,
COMPREND,R's understanding of questions,
COMPUSE,R use computer,"Do you personally ever use a computer at home, at work, or at some other location?"
COMPWAGE,Annual wages in previous year were higher than same jobs in other companies,
CONARMY,Confidence in military,
CONBIZ,Confidence in business and industry,
CONBUS,Confidence in major companies,
CONCHURH,Confidence in churches and religious orgs,
CONCLERG,Confidence in organized religion,
CONCONG,Confidence in us congress,
CONCOURT,Confidence in courts and legal system,
CONDEMND,R free from conflicting demands,
CONDOM,Used condom last time,
CONDRIFT,Sci knowledge: the continents have been moving,
CONEDUC,Confidence in education,
CONF2F,How many people R sees face to face,
CONFED,Confid. in exec branch of fed govt,
CONFINAN,Confid in banks & financial institutions,
CONINC,Family income in constant dollars,
CONJUDGE,Confid. in united states supreme court,
CONLABOR,Confidence in organized labor,
CONLEGIS,Confidence in congress,
CONMEDIC,Confidence in medicine,
CONPRESS,Confidence in press,
CONRINC,Respondent income in constant dollars,
CONSCHLS,Confidence in schools and educ system,
CONSCI,Confidence in scientific community,
CONSENT,Participation/recording consent,
CONTV,Confidence in television,
CONWKDAY,Number of people R contacts with on a typical weekday,
COOCC10,Partner's census occupation code (2010),
COOP,R's attitude toward interview,"IN GENERAL, WHAT WAS THE RESPONDENT'S ATTITUDE TOWARD THE INTERVIEW?"
COOTHER,Other protestant denominations,
COPRES10,Partner's occupational prestige score (2010),
COPRES105PLUS,Partner's occupational prestige score using threshold method (2010),
COREL,Partner's religious preference,
COSEI10,Partner's socioeconomic index (2010),
COSEI10EDUC,Percentage of some college educ in COOCC10 based on ACS 2010,
COSEI10INC,Percentage of $45K+ earners in COOCC10 based on ACS 2010,
COURTS,Courts dealing with criminals,"In general, do you think the courts in your area deal too harshly or not harshly enough with criminals?"
COWRKHLP,Coworkers can be relied on when R needs help,
COWRKINT,Coworkers take a Personal interest in R,
COWRKSLF,Partner self-emp. or works for somebody else,
COWRKSTA,Partner's labor force status,
CRACK30,R last use crack cocaine,
DANGOTH1,How dangerous R thinks Person 1 is to others,
DANGOTH2,How dangerous R thinks Person 2 is to others,
DANGOTH3,How dangerous R thinks Person 3 is to others,
DANGOTH4,How dangerous R thinks Person 4 is to others,
DANGOTH5,How dangerous R thinks Person 5 is to others,
DANGROTH,X should be admitted to be hospitalized for treatment if dangerous to others,
DANGRSLF,X should be admitted to be hospitalized for treatment if dangerous to x,
DANGSLF1,How dangerous R thinks Person 1 is to themself,
DANGSLF2,How dangerous R thinks Person 2 is to themself,
DANGSLF3,How dangerous R thinks Person 3 is to themself,
DANGSLF4,How dangerous R thinks Person 4 is to themself,
DANGSLF5,How dangerous R thinks Person 5 is to themself,
DATEINTV,Date of interview,
DECMONEY,How able is X to decide managing own money,
DECTREAT,How able is X to decide receive treatment,
DEFPENSN,R has defined benefit pension plan,
DEGREE,R's highest degree,
DEMANDS,R feels that family make too many demands on R,
DENKID,"If protestant, denomination R raised in",
DENOM,Specific denomination,"What specific denomination is that, if any?"
DENOM16,Denomination in which R was raised,
DEPRESS,Told have depression,
DEPTPERF,Size of perf based pay depend on workgroup,
DIABETES,Told have diabetes,
DIAGNOSD,R ever diagnosed with MH problem,
DIFREL,People belonging to different religions cannot get along with each other when living close together.,
DINEFRDS,How often R went out to eat or drink with at least 3 non-family members,
DIPGED,"Diploma, ged, or other",
DISCAFF,Whites hurt by aff. action,"What do you think the chances are these days that a White person won't get a job or promotion while an equally or less qualified Black person gets one instead? Is this very likely, somewhat likely, or not very likely to happen these days?"
DISCAFFM,A man won't get a job or promotion,"What do you think the chances are these days that a man won't get a job or promotion while an equally or less qualified woman gets one instead. Is this very likely, somewhat likely, somewhat unlikely, or very unlikely these days?"
DISCAFFW,A woman won't get a job or promotion,"What do you think the chances are these days that a woman won't get a job or promotion while an equally or less qualified man gets one instead. Is this very likely, somewhat likely, somewhat unlikely, or very unlikely these days?"
DISRSPCT,R is treated with less courtesy or respect than others,In your day-to-day life how often have any of the following things happened to you? You are treated with less courtesy or respect than other people.
DIVLAW,Divorce laws,Should divorce in this country be easier or more difficult to obtain than it is now?
DIVORCE,Ever been divorced or separated,Have you ever been divorced or legally separated?
DOFIRST,Here are the things you said {#SecL_NAME} should do...,
DOG,Dog,
DOGB4,Dog,
DWELLING,Type of structure,
DWELLPRE,Type of structure in which the respondent lives,
DWELOWN,Does R own or rent home?,"Currently, do you (or does your family) own your home, pay rent, or something else?"
DWELOWN16,DID Rs FAMILY OWN OR RENT HOME WHEN R WAS AGE 16,
EARNRS,How many in family earned money,EARNRS
EARTHSUN,Sci knowledge: the earth goes around the sun,
EDUC,Highest year of school completed,
EGOMEANS,Life meaningful only if you provide meaning,
ELECTRON,Sci knowledge: electrons are smaller than atoms,
EMAILHR,Email hours per week,About how many minutes or hours per week do you spend sending and answering electronic mail or e-mail?
EMAILMIN,Email minutes per week,About how many minutes or hours per week do you spend sending and answering electronic mail or e-mail?
EMOPROBS,"In the past 7 days, how often R has been bothered by emotional problems",
EMPINPUT,R involved in any task force for decision-making,
EMPTRAIN,Received formal training from employer,
ENDSMEET,How difficult or easy is it for R's household to make ends meet,
EQWLTH,Should govt reduce income differences,
ESOP,R is member of esop,
ESOPNOT,Would R rather work for a company with an ESOP or cash sharing,
ETH1,1st mentioned country of origin,
ETH2,2nd mentioned country of origin,
ETH3,3rd mentioned country of origin,
ETHNIC,Country of family origin,
ETHNUM,Type of response about ethnicity:R,
EVCRACK,R ever use crack cocaine,
EVIDU,R ever inject drugs,
EVOLVED,Sci knowledge: human beings developed from animals,
EVOLVED2,Elephants evolved from earlier species: true or false,
EVPAIDSX,EveR have sex paid for or being paid since 18,
EVSTRAY,Have sex other than spouse while married,
EVWORK,Ever work as long as one year,Did you ever work for as long as one year?
EXPDESGN,Better way to test drug btw control and non-control,
EXPTEXT,Why is it better to test drug this way,
EXTR2017,Did R receive any  performance-based incentives in 2017,
EXTRAPAY,Eligible for performance based pay,
EXTRAVAL,Total dollar value of pay in previous year,
EXTRAYR,Year of the most recent perf based payments,
FAIR,People fair or try to take advantage,
FAIREARN,How fair is what R earn on the job,
FAMDIF16,Reason not living with parents,
FAMGEN,Number of family generations in household,
FAMILY16,Living with parents when 16 yrs old,
FAMMHNEG,R's family's negative attitudes about MH problems,
FAMPRESS,Do R family's members put pressure on R about the way R lives or organizes their life?,
FAMVSWK,How often fam life interfere job,
FAMWKOFF,How hard to take time off,
FATALISM,People can't change the course of their lives,
FATIGUE,"In the past 7 days, R's average fatigue",
FEAR,Afraid to walk at night in neighborhood,"Is there any area around your home--that is, within a mile--where you would be afraid to walk alone at night?"
FECHLD,Mother working doesn't hurt children,A working mother can establish just as warm and secure a relationship with her children as a mother who does not work.
FEELEVEL,Amount of fees paid,
FEELREL,How religious Is R,
FEEUSED,Fee given to get case,
FEFAM,"Better for man to work, woman tend home",It is much better for everyone involved if the man is the achiever outside the home and the woman takes care of the home and family.
FEHIRE,Should hire and promote women,"Because of past discrimination, employers should make special efforts to hire and promote qualified women."
FEJOBAFF,For or against preferential hiring of women,
FEPOL,Women not suited for politics,Most men are better suited emotionally for politics than are most women.
FEPRESCH,Preschool kids suffer if mother works,A preschool child is likely to suffer if his or her mother works.
FINALTER,Change in financial situation,"During the last few years, has your financial situation been getting better, getting worse, or has it stayed the same?"
FINRELA,Opinion of family income,"Compared with American families in general, would you say your family income is--far below average, below average, average, above average, or far above average? If you are uncertain, just give us your best guess."
FIRSTYOU,Should take care of oneself and ones family first,
FISH,Fish,
FISHB4,Fish,
FORM,Form of split questionnaire asked,
FORMWT,Weight deal with experimental randomization,
FRINGEOK,Fringe benefits are good,
FRNDSEX,R had sex with friend last year,
FUCITZN,Is R planning/appling for US citizenship or not,
FUND,How fundamentalist Is R currently,
FUND16,How fundamentalist was R at age 16,
GENDER1,Gender of 1st person,
GENDER10,Gender of 10th person,
GENDER11,Gender of 11th person (visitor),
GENDER12,Gender of 12th person (visitor),
GENDER2,Gender of 2nd person,
GENDER3,Gender of 3rd person,
GENDER4,Gender of 4th person,
GENDER5,Gender of 5th person,
GENDER6,Gender of 6th person,
GENDER7,Gender of 7th person,
GENDER8,Gender of 8th person,
GENDER9,Gender of 9th person,
GENEABRT2,R would want to abort fetus if there were genetic defects,
GENEGEN,How dangerous modifying genes in crops,
GENEGOO2,Genetic testing good or harm,
GENESELF2,R would want genetic test done on fetus,
GENETICS,How likely X s situation caused by genetic problem,
GENETST1,Know about genetic testing,
GETAHEAD,Opinion of how people get ahead,Some people say that people get ahead by their own hard work; others say that lucky breaks or help from other people are more important. Which do you think is most important?
GOAT,Goat,
GOATB4,Goat,
GOD,R's confidence in the existence of god,
GODCHNGE,Describe your beliefs about god,
GODMEANS,Life meaningful because god exists,
GODSWILL,How likely X s situation caused by god s will,
GOODLIFE,Standard of living of R will improve,
GOVEQINC,Govmnt should reduce inc differentials,
GOVLAZY,The social benefits from the government make people lazy,
GOVVSREL,Governments should not interfere with the attempts of any religion to spread its faith,
GRANBORN,How many grandparents born outside U.S.,
GRASS,Should marijuana be made legal,
GUNLAW,Favor or oppose gun permits,Would you favor or oppose a law which would require a person to obtain a police permit before he or she could buy a gun?
HANDMOVE,R perform forceful hand movements,
HAPCOHAB,Happiness of relt with partner,"Taking things all together, would you say that your relationship with your partner is very happy, pretty happy, or not too happy?"
HAPMAR,Happiness of marriage,"Taking things all together, how would you describe your marriage? Would you say that your marriage is very happy, pretty happy, or not too happy?"
HAPPY,General happiness,"Taken all together, how would you say things are these days—would you say that you are very happy, pretty happy, or not too happy?"
HAPUNHAP,Happy or unhappy with life today,
HAVEINFO,Enough info to get the job done,
HEALTH,Condition of health,"Would you say your own health, in general, is excellent, good, fair, or poor?"
HEALTH1,R's health in general,
HEALTHISSP,MERGED HEALTHISSP_D AND HEALTHISSP_E,
HEAVEN,Belief in heaven,
HEFINFO,Number of hef informant,
HEIGHT,R is how tall,
HELL,Belief in hell,
HELPBLK,Should govt aid blacks?,
HELPFRDS,Should better off ppl help less well-off friend,
HELPFUL,People helpful or looking out for selves,
HELPNOT,Should govt do more or less?,
HELPOTH,To help others,
HELPPOOR,Should govt improve standard of living?,
HELPSICK,Should govt help pay for medical care?,
HHRACE,Race of household,
HHTYPE,Household type,
HHTYPE1,Household type (condensed),
HINDUS,What is your personal attitude towards members of the following religious group - Hindus,
HISPANIC,Hispanic specified,
HIVTEST,Have you ever been tested for HIV,
HIVTEST1,In what month and year was your last HIV test,
HIVTEST2,Where did you have your last HIV test,
HLPADVCE,Who R would first turn to if they needed advice about family problems,
HLPDOWN,Who R would first turn to if they needed help because they were feeling down or depressed,
HLPEQUIP,Enough help and equip to ge the job done,
HLPHOME,Who R would first turn to if they needed help with a household or a garden job,
HLPJOB,Who R would first turn to if they needed help finding a job,
HLPLOAN,Who R would first turn to if they needed to borrow large sums of money,
HLPPAPER,Who R would first turn to if they needed help with admin or official paperwork,
HLPRESDE,Who R would first turn to if they needed help finding a place tolive,
HLPSICK,Who R would first turn to if they needed help around the house if sick,
HLPSICKR,Who R would first turn to if they needed someone to look after them while seriously ill,
HLPSOCOC,Who R would first turn to if they wanted to enjoy a pleasant social occasion,
HLTHDAYS,Days of activity limitation past 30 days,
HLTHMNTL,"R's mental health, mood, and ability to think",
HLTHPHYS,R's physical health,
HLTHSTRT,"Would you say the respondent? health in general is excellent, good, fair, or poor?",
HOMOSEX,Homosexual sex relations,"What about sexual relations between two adults of the same sex-- do you think it is always wrong, almost always wrong, wrong only sometimes, or not wrong at all?"
HOMOSEX1,Is homosexual sex wrong?,
HOMPOP,Number of persons in household,
HORSE,Horse,
HORSEB4,Horse,
HOTCORE,Sci knowledge: the center of earth is very hot,
HRS1,Number of hours worked last week,"How many hours did you work last week, at all jobs?"
HRS2,Number of hours usually work a week,"How many hours a week do you usually work, at all jobs?"
HRSRELAX,Hours per day R have to relax,
HSBIO,R ever took a high school biology course,
HSCHEM,R ever took a high school chemistry course,
HSMATH,The highest level of math R completed in high school,
HSPHYS,R ever took a high school physics course,
HUADD,Housing unit (HU) at address?,
HUADDWHY,Why there is no hu at this address,
HUBBYWRK,Husb shld work wife shld look after home,
HUCLEAN,R HU interior cleanliness rating,
HUNT,Does R or spouse hunt,And now a question on a different topic. {spfill} go hunting?
HUNT1,Does R or spouse or partner hunt,
HURTATWK,Number of injuries on the job past 12 months,
HURTOTH,How likely X violent toward other people,
HURTSELF,How likely X violent toward oneself,
HVYLIFT,R do repeated lifting,
HYPERTEN,Told have hypertension or high blood pressure,
ID,Respondent ID number,
IDU30,R inject drugs in past 30 days,
IF12WHO,Who would R have voted for in 2012 election,
IF16WHO,WHO YOU WOULD HAVE VOTED FOR,"Who would you have voted for, for President, if you had voted?"
IMBALNCE,How likely X s situation caused by imbalance in brain,
IMPRVOWN,How likely X s situation will improve on its own,
IMPRVTRT,How likely X s situation will improve with treatment,
INCGAP,Income differentials in usa too big,
INCOM16,R's family income when 16 yrs old,"Thinking about the time when you were 16 years old, compared with American families in general then, would you say your family income was -- far below average, below average, average, above average, or far above average?"
INCOME,Total family income,
INCOME16,Total family income,"Your total income includes interest or dividends, rent, Social Security, other pensions, alimony or child support, unemployment compensation, public aid (welfare), armed forces or veteran's allotment."
INCUSPOP,Estimated income status of housing unit,
INDPERF,Size of perf based pay depend on individual,
INDUS10,R's industry code (NAICS 2007),
INDUSGEN,Indust air pollution danger to envir,
INTAGE,Age of interviewer,
INTCNTCT,"How much of R's communication is via text, mobile phone, or internet",
INTECON,Interested in economic issues,
INTEDUC,Interested in local school issues,
INTENVIR,Interested in environmental issues,
INTETHN,Race of interviewer,
INTFARM,Interested in farm issues,
INTHISP,"Is interviewer Spanish, Hispanic or latino",
INTID,Interviewer id,
INTINTL,Interested in international issues,
INTLBLKS,Unintelligent - intelligent,(Do people in this group tend to be unintelligent or tend to be intelligent?)Blacks?
INTLHSPS,Unintelligent - intelligent,"(Do people in these groups tend to be unintelligent or tend to be intelligent?)Hispanics, Latinos?"
INTLWHTS,Unintelligent -intelligent,Where would you rate Whites in general on this scale?
INTMED,Interested in medical discoveries,
INTMIL,Interested in military policy,
INTRACE1,Interviewer s race1,
INTRACE2,Interviewer s race2,
INTRACE3,Interviewer s race3,
INTSCI,Interested in new scientific discoveries,
INTSEX,Sex of interviewer,
INTSPACE,Interested in space exploration,
INTTECH,Interested in technologies,
INTYRS,Years of service as an interviewer at norc,
ISCO08,"Respondent's occupation, 2010 census & 2008 ISCO code",
ISCO88,"Respondent's occupation, 1980 census & 1988 ISCO code",
ISSP,Filter for ISSP cases,
Jew,What sort of Jew R is,
Jew16,What sort of Jew R was at age 16,
JEWS,What is your personal attitude towards members of the following religious group - Jews,
JOBFIND,Could R find equally good job,"About how easy would it be for you to find a job with another employer with approximately the same income and fringe benefits you now have? Would you say very easy, somewhat easy, or not easy at all?"
JOBFIND1,How easy for R to find a same job,
JOBLOSE,Is R likely to lose job,"Thinking about the next 12 months, how likely do you think it is that you will lose your job or be laid off--very likely, fairly likely, not too likely, or not at all likely?"
JOBSECOK,The job security is good,
KIDPARS,Do adult children have duty to look after parent,
KIDSINHH,Does interviewer believe that there are children under the age of 15 present at this household,
KIDSSOL,R's kids living standard compared to R,
KNOWSCHD,How far in advance know work schedule,
KNOWWHAT,R knows what's expected on job,
KNWBUS,Does R know someone who is a bus driver?,
KNWCLENR,Does R know someone who is a home or office cleaner?,
KNWCOP,Does R know someone who is a police officer?,
KNWCUTTR,Does R know someone who is a hairdresser or barber?,
KNWEXEC,Does R know someone who is a executive at a large company?,
KNWHRMAN,Does R know someone who is a human resources or personnel manager?,
KNWLAWYR,Does R know someone who is a lawyer?,
KNWMCHNC,Does R know someone who is a car mechanic?,
KNWMW1,Gender Identity of Person 1,
KNWMW2,Gender Identity of Person 2,
KNWMW3,Gender Identity of Person 3,
KNWMW4,Gender Identity of Person 4,
KNWMW5,Gender Identity of Person 5,
KNWNURSE,Does R know someone who is a nurse?,
KNWTCHER,Does R know someone who is a school teacher?,
LAIDOFF,R was laid off main job last year,
LASERS,Sci knowledge: lasers work by focusing sound waves,
LEARNNEW,Job requires R to learn new things,
LETDIE1,Allow incurable patients to die,"When a person has a disease that cannot be cured, do you think doctors should be allowed by law to end the patient's life by some painless means if the patient and his family request it?"
LETIN1A,Number of immigrants nowadays should be,Do you think the number of immigrants to America nowadays should be...
LIBATH,Allow anti-religious book in library,"If some people in your community suggested that a book he wrote against churches and religion should be taken out of your public library, would you favor removing this book, or not?"
LIBCOM,Allow communists book in library,"communist - Suppose he wrote a book which is in your public library. Somebody in your community suggests that the book should be removed from the library. Would you favor removing it, or not?"
LIBHOMO,Allow homosexuals book in library,"homosexual - If somebody in your community suggests that a book he wrote in favor of homosexuality should be taken out of your public library, would you favor removing it, or not?"
LIBMIL,Allow militarists book in library,"militarist - Suppose he wrote a book advocating doing away with elections and letting the military run the country.
Somebody in your community suggests that the book be removed from the public library. Would you favor removing it, or not?"
LIBMSLM,Allow anti-American muslim clergymen's books in library,"anti-American muslim clergymen If some people in your community suggested that a book he wrote which preaches hatred of the United States should be taken out of your public library, would you favor removing this book, or not?"
LIBRAC,Allow racists book in library,"racist - If some people in your community suggested that a book he wrote which said Blacks are inferior should be taken out of your public library, would you favor removing this book, or not?"
LIFE,Is life exciting or dull,"In general, do you find life exciting, pretty routine, or dull?"
LIFEIN5,R's rating of life overall in five years from 0-10,
LIFENOW,R's rating of life overall now from 0-10,
LIVEBLKS,Neighborhood half black,"Now we are going to ask you about different types of contact with various groups of people. For the following situation, please indicate whether you would be very much in favor of it happening, somewhat in favor, neither in favor nor opposed to it happening, somewhat opposed, or very much opposed to it happening. Living in a neighborhood where half of your neighbors are Blacks?"
LNGTHINV,How long was interview,
LOCALNUM,Number of employees: R's work site,"About how many people work at the location where you work? Count part-time as well as full-time employees in all areas, departments, and buildings. If the location where you work is temporarily closed, please tell us how many people usually work there."
LONELY1,How often in the past 4 weeks R has felt they lack companionship,How often in the past 4 weeks have you felt that…You lack companionship?
LONELY2,How often in the past 4 weeks R has felt isolated from others,(How often in the past 4 weeks have you felt that…) You are isolated from others?
LONELY3,How often in the past 4 weeks R has felt left out,
MADEG,Mothers highest degree,
MADENKID,"If protestant, Mothers denomination",
MAEDUC,"Highest year school completed, mother",
MAIND10,Mothers industry code (NAICS 2007),
MAISCO08,"R's spouse's occupation, 2010 census & 2008 ISCO code",
MAISCO88,"R's Mothers occupation, 1980 census & 1988 ISCO code",
MAJOR1,College major 1,
MAJOR2,College major 2,
MAJORCOL,The field of degree R earned,
MAKEFRND,Religion helps people to make friends,
MALEORNT,Interviewer coded male sexual orientation,
MANVSEMP,Relations bw management and employees,
MAOCC10,Mothers census occupation code (2010),
MAPRES10,Mothers occupational prestige score (2010),
MAPRES105PLUS,Mothers occupational prestige score using threshold method (2010),
1-Mar,Marital status of 1st person,
11-Mar,Marital status of 11th person (visitor),
12-Mar,Marital status of 12th person (visitor),
2-Mar,Marital status of 2nd person,
3-Mar,Marital status of 3rd person,
4-Mar,Marital status of 4th person,
5-Mar,Marital status of 5th person,
6-Mar,Marital status of 6th person,
7-Mar,Marital status of 7th person,
8-Mar,Marital status of 8th person,
9-Mar,Marital status of 9th person,
MARAsian,Close relative marry Asian,What about having a close relative marry an Asian American person?
MARBLK,Close relative marry black,What about having a close relative marry a Black person?
MARCOHAB,Cohabitation status,
MARELKID,Mothers religion when R was child,
MARHISP,Close relative marry Hispanic,What about having a close relative marry a Hispanic or Latino person?
MARHOMO,Homosexuals should have right to marry,Homosexual couples have the right to marry one another.
MARITAL,Marital status,"Are you currently--married, widowed, divorced, separated, or have you never been married?"
MARTYPE,Marital type,
MARWHT,R favor close relative marrying white person,"What about having a close relative marry a White person? Would you be very in favor of it happening, somewhat in favor, neither in favor nor opposed to it happening, somewhat opposed, or very opposed to it happening?"
MASEI10,R's mother's socioeconomic index (2010),
MASEI10EDUC,Percentage of some college educ in MAOCC10 based on ACS 2010,
MASEI10INC,Percentage of $45k+ earners in MAOCC10 based on ACS 2010,
MATESEX,Was 1 of R's partner's spouse or regular,
MAWRKGRW,Mothers employment when R was 16,
MAWRKSLF,Mother self-emp. or worked for somebody,
MCSDS1,I’m always willing to admit it when I make a mistake,
MCSDS2,I sometimes try to get even rather than forgive and forget,
MCSDS3,At times I have really insisted on having things my own way,
MCSDS4,I have never been irked when people expressed ideas very different from my own,
MCSDS5,I have never deliberately said something that hurt someone’s feelings,
MCSDS6,I like to gossip at times,
MCSDS7,There have been occasions when I took advantage of someone,
MEDDOC,X should go to general medical doctor for help,
MENTLDOC,X should go to psychiatrist for help,
MENTLHOS,X should check into a mental hospital,
MENTLILL,How likely X is experiencing mental illness,
MENTLOTH,X should go to other mental health professional for help,
MEOVRWRK,Men hurt family when focus on work too much,Family life often suffers because men concentrate too much on their work.
mhdiagno,R knows someone who has been diagnosed with a mental health problem,
MHP1R1,Relation to Person 1 (1st mentioned),
MHP1R2,Relation to Person 1 (2nd mentioned),
MHP2R1,Relation to Person 2 (1st mentioned),
MHP2R2,Relation to Person 2 (2nd mentioned),
MHP3R1,Relation to Person 3 (1st mentioned),
MHP3R2,Relation to Person 3 (2nd mentioned),
MHP4R1,Relation to Person 4 (1st mentioned),
MHP4R2,Relation to Person 4 (2nd mentioned),
MHP5R1,Relation to Person 5 (1st mentioned),
MHP5R2,Relation to Person 5 (2nd mentioned),
MHTREAT1,Is Person 1 currently receiving treatment for their mental health problem,
MHTREAT2,Is Person 2 currently receiving treatment for their mental health problem,
MHTREAT3,Is Person 3 currently receiving treatment for their mental health problem,
MHTREAT4,Is Person 4 currently receiving treatment for their mental health problem,
MHTREAT5,Is Person 5 currently receiving treatment for their mental health problem,
MHTREATD,R ever treated for MH problem,
MHUNSURE,People like X are unpredictable,
MIRACLES,Belief in religious miracles,
MISSWORK,Miss work for health past 30 days,
MNTHSUSA,"LIVED IN U.S., IF LESS THAN ONE YEAR ",
MNTLHLTH,Days of poor mental health past 30 days,
MOBILE16,Geographic mobility since age 16,
MODE,Interview done in-person or over the phone,
MOREDAYS,Days per month R work extra hours,
MUSLIMS,What is your personal attitude towards members of the following religious group - Muslims,
MUSTDOC,X should be forced to be examined at a clinic by law,
MUSTHOSP,X should be admitted to be hospitalized for treatment by law,
MUSTMED,X should be forced to take prescribed medication by law,
MUSTWORK,Mandatory to work extra hours,
MYGOALS,It is easy for R to accomplish their goals,
MYPROBS1,How much Person 1's mental health condition causes R problems,
MYPROBS2,How much Person 2's mental health condition causes R problems,
MYPROBS3,How much Person 3's mental health condition causes R problems,
MYPROBS4,How much Person 4's mental health condition causes R problems,
MYPROBS5,How much Person 5's mental health condition causes R problems,
MYSKILLS,Job allows R use of skills,
MYWAYGOD,R has own way of connecting with god without churches or religious services,
NANOBEN,Balance will be strongly in favor of the benefits or slightly,
NANOHARM,Balance will be strongly in favor of the benefits or slightly,
NANOWILL,Benefit of nanotechnology outweigh harmful results,
NATACCESS,"I have easy access to natural environments, such as public parks, gardens or trails",
NATACTIVE,"Natural environments are a good place for physical activity, such as walking, cycling, sports, etc",
NATAID,Foreign aid,"Foreign aid... are we spending too much, too little, or about the right amount on"
NATAIDY,Assistance to other countries:Ver Y,"... are we spending too much, too little, or about the right amount on Assistance to other countries?"
NATARMS,"Military, armaments, and defense","... are we spending too much, too little, or about the right amount on The military, armaments and defense?"
NATARMSY,National defense:Version Y,"... are we spending too much, too little, or about the right amount on National defense?"
NATCHLD,Assistance for childcare,"... are we spending too much, too little, or about the right amount on Assistance for childcare?"
NATCITY,Solving problems of big cities,"... are we spending too much, too little, or about the right amount on Solving the problems of the big cities?"
NATCITYY,Assistance to big cities:Version Y,"... are we spending too much, too little, or about the right amount on Assistance to big cities?"
NATCRIME,Halting rising crime rate,"... are we spending too much, too little, or about the right amount on Halting the rising crime rate?"
NATCRIMY,Law enforcement:Version Y,"... are we spending too much, too little, or about the right amount on Law enforcement?"
NATDRUG,Dealing with drug addiction,"... are we spending too much, too little, or about the right amount on Dealing with drug addiction?"
NATDRUGY,Drug rehabilitation:Version Y,"... are we spending too much, too little, or about the right amount on Drug rehabilitation?"
NATEDUC,Improving nations education system,"... are we spending too much, too little, or about the right amount on Improving the nation's education system?"
NATEDUCY,Education:Version Y,"... are we spending too much, too little, or about the right amount on Education?"
NATENRGY,Developing alternative energy sources,"... are we spending too much, too little, or about the right amount on Developing alternative energy sources?"
NATENVIR,Improving & protecting environment,"... are we spending too much, too little, or about the right amount on Improving and protecting the environment?"
NATENVIY,The environment:Version Y,"... are we spending too much, too little, or about the right amount on The environment?"
NATFARE,Welfare,"... are we spending too much, too little, or about the right amount on Welfare?"
NATFAREY,Assistance to the poor:Version Y,"... are we spending too much, too little, or about the right amount on Assistance for the poor?"
NATHEAL,Improving & protecting nations health,"... are we spending too much, too little, or about the right amount on Improving and protecting the nation's health?"
NATHEALY,Health:Version Y,"... are we spending too much, too little, or about the right amount on Health?"
NATLACK,There is a lack of interesting activities in natural environments,
NATMASS,Mass transportation,"... are we spending too much, too little, or about the right amount on Mass transportation?"
NATMEET,Natural environments are a good place to meet others from the local community,
NATNOTICE,"In my everyday life, I take notice of the natural elements around me (trees, water, wildlife, etc.)",
NATPARK,Parks and recreation,"... are we spending too much, too little, or about the right amount on Parks and recreation?"
NATRACE,Improving the conditions of blacks,"... are we spending too much, too little, or about the right amount on Improving the conditions of Blacks?"
NATRACEY,Assistance to blacks:Version Y,"... are we spending too much, too little, or about the right amount on Assistance to Blacks?"
NATRELAX,Natural environments are peaceful and relaxing,
NATROAD,Highways and bridges,
NATSAT,I am satisfied with my day to day experience of nature,
NATSCI,Supporting scientific research,"... are we spending too much, too little, or about the right amount on Supporting scientific research?"
NATSOC,Social security,"... are we spending too much, too little, or about the right amount on Social Security?"
NATSPAC,Space exploration program,"... are we spending too much, too little, or about the right amount on The space exploration program?"
NATSPACY,Space exploration:Version Y,"... are we spending too much, too little, or about the right amount on Space exploration?"
NATTIME,"Usually, I spend time in natural environments, such as public parks, gardens or trails, at least once a week",
NATTIMEOK,I spend as much time as I would like in natural environments,
NATVIEWS,"I have views of nature (trees, lawns, gardens, water, etc.) when I am home",
NEISAFE,How safe interviewer thinks neighborhood is,
NEWFRDS,"At these occasions, how often did R make new friends or acquaintences",
NEWS,How often Does R read newspaper,"How often do you read the newspaper--every day, a few times a week, once a week, less than once a week, or never?"
NEWSFROM,Main source of information about events in the news,
NEXTGEN,Science & tech. give more opportunities to next generation,
NIHILISM,Life serves no purpose,
NOTSMART,People act as if they think R is not smart,(In your day-to-day life how often have any of the following things happened to you?) People act as if they think you are not smart.
NTWKHARD,Past week not work hard enough,
NUKEGEN,Nuke power danger to envir,
NUMCONG,Number of members of the congregation,
NUMEMPS,Number of employee for the self-employed,
NUMLANGS,How many languages does R speak well enough to hold a conversation in?,
NUMMEN,Number of male sex partner's since 18,
NUMORG,Number of people working in organization at all locations,
NUMPETS,How many pets R's family has,
NUMWOMEN,Number of female sex partner's since 18,
OBEY,To obey,
OCC10,R's census occupation code (2010),
ODDS1,Test of knowledge about probablity1,
ODDS2,Test of knowledge about probablity2,
OLD1,Age of 1st person,
OLD10,Age of 1oth person,
OLD11,Age of 11th person (visitor),
OLD12,Age of 12th person (visitor),
OLD2,Age of 2nd person,
OLD3,Age of 3rd person,
OLD4,Age of 4th person,
OLD5,Age of 5th person,
OLD6,Age of 6th person,
OLD7,Age of 7th person,
OLD8,Age of 8th person,
OLD9,Age of 9th person,
OPDEVEL,Opportunity to develop my abilities,
OTCMED,X should take non-prescription medication,
OTH16,Other protestant denominations,
OTHER,Other protestant denominations,
OTHERSEX,R had sex with some other last year,
OTHLANG,Can R speak language other than English/Spanish,Can you speak a language other than {response to QUEXLANG:b;L}?
OTHLANG1,What other languages Does R speak,
OTHLANG2,What other languages Does R speak,
OTHMHNEG,R's other acquaintences negative attitudes about MH problems,
OTHPET,Other Pet,
OTHPETB4,Other Pet,
OVERSAMP,Weights for black oversamples,
OVERWORK,R has too much work to do well,
OWNGUN,Have gun in home,Do you happen to have in your home any guns or revolvers?
OWNSTOCK,R has stock in R's company,
PADEG,Father's highest degree,
PADENKID,"If protestant, Father's denomination",
PAEDUC,"Highest year school completed, father",
PAIDSEX,R had sex for pay last year,
PAINARMS,R had pain in the arms in the past 12 months,
PAIND10,Father's industry code (NAICS 2007),
PAISCO08,"R's Father's occupation, 2010 census & 2008 ISCO code",
PAISCO88,"R's Father's occupation, 1980 census & 1988 ISCO code",
PAOCC10,Father's census occupation code (2010),
PAPRES10,Father's occupational prestige score (2010),
PAPRES105PLUS,Father's occupational prestige score using threshold method (2010),
PARBORN,Were R's parents born in this country,
PARELKID,Father's religion when R was child,
PARSOL,R's living standard compared to parents,
PARTFULL,Was R's work part-time or full-time?,
PARTLSC,"In past 12 months, R has participated in orgs for sport, culture, leisure",
PARTNERS,How many sex partner's R had in last year,
PARTNRS5,How many sex partner's R had in last 5 years,
PARTPART,"In past 12 months, R has participated in orgs for politics or political associations",
PARTTEAM,R work as part of a team,
PARTVOL,"In past 12 months, R has participated in charitable or religious volunteer orgs",
PARTYID,Political party affiliation,
PASEI10,R's father's socioeconomic index (2010),
PASEI10EDUC,Percentage of some college educ in PAOCC10 based on ACS 2010,
PASEI10INC,Percentage of $45k+ earners in PAOCC10 based on ACS 2010,
PAWRKSLF,Father self-emp. or worked for somebody,
PETB4,Did R's family have a pet 5 years ago,
PETB4CMFRT,How often R used to seek pet for comfort when feeling bad,
PETB4FAM,How often R considered pet member of family,
PETB4PLY,How often R used to spend time each day playing with or training pet,
PETCMFRT,How often R seeks pet for comfort when feeling bad,
PETFAM,How often R considers pet member of family,
PETPLAY,How often R spends time each day playing with or training pet,
PHASE,Subsampling: two-phase design.,
PHONE,Does R have telephone,
PHYEFFRT,Rate physical effort,
PHYSACTS,To what extent R can accomplish everyday physical activities,
PHYSHLTH,Days of poor physical health past 30 days,
PHYSILL,How likely X is experiencing physical illness,
PIG,Pig,
PIGB4,Pig,
PIKUPSEX,R had sex with casual date last year,
PILINGUP,How often R felt difficulty piling up in past 4 weeks,
PILLOK,Birth control to teenagers 14-16,"Do you strongly agree, agree, disagree, or strongly disagree that methods of birth control should be available to teenagers between the ages of 14 and 16 if their parents do not approve?"
PISTOL,Pistol or revolver in home,"Is it a pistol, shotgun, rifle, or what?"
POLABUSE,Citizen said vulgar or obscene things,
POLATTAK,Citizen attacking policeman with fists,
POLEFF11,Don't have any say about what the government does,
POLESCAP,Citizen attempting to escape custody,
POLHITOK,Ever approve of police striking citizen,
POLMURDR,Citizen questioned as murder suspect,
POLVIEWS,Think of self as liberal or conservative,We hear a lot of talk these days about liberals and conservatives. Here is a seven-point scale on which the political views that people might hold are arranged from extremely liberal—point 1—to extremely conservative—point 7. Where would you place yourself on this scale?
POORSERV,R recieves poorer service in restaurants or stores,(In your day-to-day life how often have any of the following things happened to you?) You receive poorer service than other people at restaurants or stores.
POPESPKS,Pope is infallible on matteR's of faith or morals,"Under certain conditions, the pope is infallible when he speaks on matters of faith and morals."
POPULAR,To be well liked or popular,
PORNLAW,Feelings about pornography laws,
POSSLQ,Does R have marital partner,
POSSLQY,Relationship status and cohabitation or not,
POSTLIFE,Belief in life after death,Now turning to a different topic: Do you believe there is a life after death?
PRAY,How often Does R pray,About how often do you pray?
PRAYER,Bible prayer in public schools,The United States Supreme Court has ruled that no state or local government may require the reading of the Lord's Prayer or Bible verses in public schools. What are your views on this--do you approve or disapprove of the court ruling?
PRAYFREQ,How often does R pray,
PREMARSX,Sex before marriage,"There's been a lot of discussion about the way morals and attitudes about sex are changing in this country. If a man and a woman have sex relations before marriage, do you think it is always wrong, almost always wrong, wrong only sometimes, or not wrong at all?"
PRES12,Vote Obama or Romney,
PRES16,VOTE CLINTON OR TRUMP,Did you vote for Hillary Clinton or Donald Trump?
PRESTG10,R's occupational prestige score (2010),
PRESTG105PLUS,R's occupational prestige score using threshold method (2010),
PRETEEN,Household members 6 thru 12 yrs old,
PRODCTIV,Work conditions allow productivity,
PROMTEFR,Promotions are handled fairly,
PROMTEOK,R's chances for promotion good,
PROUDEMP,R proud to work for employer,
PRVDHLTH,Who provides for sick people,
PRVDOLD,Who provides for old people,
QUALLIFE,R's quality of life,
RACDIF1,Differences due to discrimination,Do you think these differences are...Mainly due to discrimination?
RACDIF2,Differences due to in-born learning ability,Do you think these differences are...Because most Blacks have less in-born ability to learn?
RACDIF3,Differences due to lack of education,"Do you think these differences are...Because most Blacks don't have the chance for education that it takes to rise out of poverty?
"
RACDIF4,Differences due to lack of will,Do you think these differences are...Because most Blacks just don’t have the motivation or will power to pull themselves up out of poverty?
RACE,Race of respondent,
RACECEN1,What Is R's race 1st mention,
RACECEN2,What Is R's race 2nd mention,
RACECEN3,What Is R's race 3rd mention,
RACLIVE,Any opp. race in neighborhood,Are there any {response to racefill} living in your neighborhood now?
RACOPEN,Vote on open housing law,"Suppose there is a community-wide vote on the general housing issue. There are two possible laws to vote on: One law says that a homeowner can decide for himself whom to sell his house to, even if he prefers not to sell to {response to racefill}. The second law says that a homeowner cannot refuse to sell to someone because of their race or color. Which law would you vote for?"
RACWORK,Racial makeup of workplace,"Are the people who work where you work all White, mostly White, about half and half, mostly Black, or all Black?"
RADIOACT,Sci knowledge: the center of earth is very hot,
RANDOM,RANDOMIZATION VARIABLE FOR FORM X,
RANK,R's self ranking of social position,In our society there are groups which tend to be towards the top and those that are towards the bottom. Here we have a scale that runs from top to bottom. Where would you put yourself on this scale?
RATEPAIN,"In the past 7 days, R's average pain",
RATETONE,R's facial coloring by interviewer,
REALINC,Family income in constant $,
REALRINC,R's income in constant $,
REBORN,Has R ever had a 'born again' experience,"Would you say you have been 'born again' or have had a 'born-again' experience, that is, a turning point in your life when you committed yourself to Christ?"
REG16,"Region of residence, age 16",
REGION,Region of interview,
RELACTIV,How often does R take part in relig activities,How often do you take part in the activities and organizations of a church or place of worship other than attending service?
RELATE1,Relationship of 1st person to household head,
RELATE10,Relationship of 10th person to household head,
RELATE11,Relation of 11th person (visitor) to head,
RELATE12,Relation of 12th person (visitor) to head,
RELATE2,Relationship of 2nd person to household head,
RELATE3,Relationship of 3rd person to household head,
RELATE4,Relationship of 4th person to household head,
RELATE5,Relationship of 5th person to household head,
RELATE6,Relationship of 6th person to household head,
RELATE7,Relationship of 7th person to household head,
RELATE8,Relationship of 8th person to household head,
RELATE9,Relationship of 9th person to household head,
RELATSEX,Relation to last sex partner,
RELEXT1,Religious extremists should be allowed to hold public meeting to express views,
RELEXT3,Religious extremists should be allowed to publish their views on the internet,
RELGENBAR,Religions are usually a barrier to equality between women and men,
RELGENEQ,R's religion treats men and women equally,
RELHH1,Relationship of person 1 to head of household,
RELHH10,Relationship of person 10 to head of household,
RELHH11,Relationship of person 11 to head of household,
RELHH12,Relationship of person 12 to head of household,
RELHH2,Relationship of person 2 to head of household,
RELHH3,Relationship of person 3 to head of household,
RELHH4,Relationship of person 4 to head of household,
RELHH5,Relationship of person 5 to head of household,
RELHH6,Relationship of person 6 to head of household,
RELHH7,Relationship of person 7 to head of household,
RELHH8,Relationship of person 8 to head of household,
RELHH9,Relationship of person 9 to head of household,
RELHHD1,Relation of 1st person to household head,
RELHHD10,Relation of 1oth person to household head,
RELHHD11,Relation of 11th person (visitor) to head,
RELHHD12,Relation of 12th person (visitor) to head,
RELHHD2,Relation of 2nd person to household head,
RELHHD3,Relation of 3rd person to household head,
RELHHD4,Relation of 4th person to household head,
RELHHD5,Relation of 5th person to household head,
RELHHD6,Relation of 6th person to household head,
RELHHD7,Relation of 7th person to household head,
RELHHD8,Relation of 8th person to household head,
RELHHD9,Relation of 9th person to household head,
RELIG,R's religious preference,What is your religious preference?
RELIG16,Religion in which raised,
RELIGCON,Religions bring more conflict,
RELIGINT,Religious people are often too intolerant,
RELIGKID,Religion R was raised in,
RELITEN,Strength of affiliation,Would you call yourself a strong {response to religfill} or not a very strong {response to religfill}?
RELMARRY,R accepts a person from a different religion or view from r's marrying relative,
RELOBJCT,"For religious reasons R has in home shrine, altar, or religious object on display",
RELPAST,"In America, religion represents the past and not the future.",
RELPERSN,R consider self a religious person,"To what extent do you consider yourself a religious person? Are you very religious, moderately religious, slightly religious, or not religious at all?"
RELRLVNT,"In America, religion is just as relevant to life today as it was in the past.",
RELSCRPT,R has read religious text outside of a service in the past year,
RELSP1,Relationship of person 1 to spouse of househol,
RELSP10,Relationship of person 10 to spouse of househo,
RELSP11,Relationship of person 11 to spouse of househo,
RELSP12,Relationship of person 12 to spouse of househo,
RELSP2,Relationship of person 2 to spouse of househol,
RELSP3,Relationship of person 3 to spouse of househol,
RELSP4,Relationship of person 4 to spouse of househol,
RELSP5,Relationship of person 5 to spouse of househol,
RELSP6,Relationship of person 6 to spouse of househol,
RELSP7,Relationship of person 7 to spouse of househol,
RELSP8,Relationship of person 8 to spouse of househol,
RELSP9,Relationship of person 9 to spouse of househol,
RELSPRT,Is R spiritual person,
REPTILE,"Reptile (turtle, snake, lizard)",
REPTILEB4,"Reptile (turtle, snake, lizard)",
RES16,Type of place lived in when 16 yrs old,
RESPECT,R treated with respect at work,In your day-to-day life how often have any of the following things happened to you? You are treated with less courtesy or respect than other people.
RESPNUM,Number in family of R,
RESPOND,Estimate of the probability that this household will respond to the survey,
RFAMLOOK,Hours R spends looking after family members,
RGROOMED,R grooming rating,
RHLTHEND,R health rating,
RICHWORK,"If rich, continue or stop working","If you were to get enough money to live as comfortably as you would like for the rest of your life, would you continue to work or would you stop working?"
RIFLE,Rifle in home,"Is it a pistol, shotgun, rifle, or what?"
RINCBLLS,Income alone is enough,
RINCOM16,Respondents income,"In which of these groups did your earnings from your job or jobs for 2019 fall? That is, before taxes or other deductions."
RINCOME,Respondents income,
RLOOKS,R physical attractiveness rating,
ROWNGUN,Does gun belong to R,Do any of these guns personally belong to you?
RPLACE,R's relationship to household head,
RVISITOR,Is R a visitor?,
RWEIGHT,R weight rating,
RXMED,X should take prescription medication,
SAFEFRST,No shortcuts on worker safety,
SAFEHLTH,Safety and health condition good at work,
SAFETYWK,Worker safety priority at work,
SAMPCODE,Sampling error code,
SAMPLE,Sampling frame and method,
SATFAM7,Family satisfaction in general,
SATFIN,Satisfaction with financial situation,"We are interested in how people are getting along financially these days. So far as you and your family are concerned, would you say that you are pretty well satisfied with your present financial situation, more or less satisfied, or not satisfied at all?"
SATJOB,Work satisfaction,"On the whole, how satisfied are you with the work you do -- would you say you are very satisfied, moderately satisfied, a little dissatisfied, or very dissatisfied?"
SATJOB1,Job satisfaction in general,
SATLIFE,R is satisfied with their life,
SATSOC,R's satisfaction with social activities and relationships,
SAVESOUL,Tried to convince others to accept jesus,Have you ever tried to encourage someone to believe in Jesus Christ or accept Jesus Christ as his or her savior?
SCIBNFTS,Benefits of sci research outweigh harmful results,
SCIENTBE,Scientists want to make life better for avg person,
SCIENTGO,Scientists work for good of humanity,
SCIENTHE,Scientists help solve prob,
SCIENTOD,Scientists odd and peculiar,
SCIFROM,Main source of information about science and technology,
SCINEWS1,Newspaper printed or online,
SCINEWS2,Magazine printed or online,
SCINEWS3,Where online get info,
SCISTUDY,R has clear understanding of scientific study,
SCITEXT,What it means to R to study scientifically,
SECONDWK,R has job other than main,
SEEKSCI,Probable source of information about scientific issues,
SEETALK1,How frequently R sees or talks to Person 1,
SEETALK2,How frequently R sees or talks to Person 2,
SEETALK3,How frequently R sees or talks to Person 3,
SEETALK4,How frequently R sees or talks to Person 4,
SEETALK5,How frequently R sees or talks to Person 5,
SEI10,R's socioeconomic index (2010),
SEI10EDUC,Percentage of some college educ in OCC10 based on ACS 2010,
SEI10INC,Percentage of $45k+ earners in OCC10 based on ACS 2010,
SELFHELP,X should join a self-group with similar problem,
SERIOUSP,How serious X s situation is,
SEVERE1,How severe Person 1's mental health problem is,
SEVERE2,How severe Person 2's mental health problem is,
SEVERE3,How severe Person 3's mental health problem is,
SEVERE4,How severe Person 4's mental health problem is,
SEVERE5,How severe Person 5's mental health problem is,
SEX,Respondents sex,"What is {response to sexfill} sex, male or female?"
SEXBIRTH,"What sex were you assigned at birth?  (For example, on your birth certificate.)",Was your sex recorded as male or female at birth?
SEXEDUC,Sex education in public schools,Would you be for or against sex education in the public schools?
SEXFREQ,Frequency of sex during last year,
SEXNOW,What is your current gender?,"Do you describe yourself as male, female, or transgender?"
SEXORNT,Sexual orientation,
SEXSEX,Sex of sex partner's in last year,
SEXSEX5,Sex of sex partner's last five years,
SHOTGUN,Shotgun in home,"Is it a pistol, shotgun, rifle, or what?"
SIBS,Number of brothers and sisters,
SIZE,Size of place in 1000s,
SLFMANGD,R involved in a self-managed team,
SLPPRBLM,Trouble sleeping last 12 months,
SMALLGAP,"For a society to be fair, differences in people's standard of living should be small",
SMAMMAL,"Small mammal (rabbit, gerbil, hamster)",
SMAMMALB4,"Small mammal (rabbit, gerbil, hamster)",
SOCBAR,Spend evening at bar,How often do you go to a bar or tavern?
SOCFREND,Spend evening with friends,How often do you spend a social evening with friends who live outside your neighborhood?
SOCOMMUN,Spend evening with neighbor,How often do you spend a social evening with someone who lives in your neighborhood?
SOCREL,Spend evening with relatives,How often do you spend a social evening with relatives?
SOLARREV,Sci knowledge: how long the earth goes around the sun,
SPANENG,Interviews conducted in Spanish or English,
SPANINT,"If no Spanish, R could have been interviewed in English",
SPANKING,Favor spanking to discipline child,"Do you strongly agree, agree, disagree, or strongly disagree that it is sometimes necessary to discipline a child with a good, hard spanking?"
SPANSELF,"If this interview had only been available in English, would you...",
SPDEG,Spouse's highest degree,
SPDEN,"Specific denomination, spouse","What specific denomination is that, if any?"
SPEDUC,"Highest year school completed, spouse",
SPEVWORK,Spouse ever work as long as a year,Did your {response to _spfill1} ever work for as long as one year?
SPFALOOK,Hours spouse spends looking after family members,
SPFUND,How fundamentalist is spouse currently,
SPHEALER,X should go to spiritual healer for help,
SPHRS1,Number of hrs spouse worked last week,
SPHRS2,No. of hrs spouse usually works a week,
SPIND10,Spouse's industry code (NAICS 2007),
SPISCO08,"R's Mothers occupation, 2010 census & 2008 ISCO code",
SPISCO88,"R's spouse's occupation, 1980 census & 1988 ISCO code",
SPJew,What sort of Jew Is R's spouse currently,"Does your {response to _spfill1} consider {response to _spfill4}self Orthodox, Conservative, Reform or none of these?"
SPKATH,Allow anti-religionist to speak,"There are always some people whose ideas are considered bad or dangerous by other people. For instance, somebody who is against all churches and religion... If such a person wanted to make a speech in your community against churches and religion, should he be allowed to speak, or not?"
SPKCOM,Allow communist to speak,"Now, we would like to ask you some questions about a man who admits he is a Communist. Suppose this admitted Communist wanted to make a speech in your community. Should he be allowed to speak, or not?"
SPKHOMO,Allow homosexual to speak,
SPKLANG,How well Does R speak other language,How well do you speak that language ({BETRLANG})?
SPKMIL,Allow militarist to speak,"Consider a person who advocates doing away with elections and letting the military run the country. If such a person wanted to make a speech in your community, should he be allowed to speak, or not?"
SPKMSLM,Allow muslim clergymen preaching hatred of the us,"Now consider a Muslim clergyman who preaches hatred of the United States. If such a person wanted to make a speech in your community preaching hatred of the United States, should he be allowed to speak, or not?"
SPKRAC,Allow racist to speak,"Or, consider a person who believes that Blacks are genetically inferior. If such a person wanted to make a speech in your community claiming that Blacks are inferior, should he be allowed to speak, or not?"
SPLIVE,How long been living with spouse,
SPOCC10,Spouse census occupation code (2010),
SPOTHER,Other protestant denominations,
SPPRES10,Spouse occupational prestige score (2010),
SPPRES105PLUS,Spouse occupational prestige score using threshold method (2010),
SPREL,Spouse's religious preference,
SPRTPRSN,R consider self a spiritual person,"To what extent do you consider yourself a spiritual person? Are you very spiritual, moderately spiritual, slightly spiritual, or not spiritual at all?"
SPSEI10,R's spouse's socioeconomic index (2010),
SPSEI10EDUC,Percentage of some college educ in SPOCC10 based on ACS 2010,
SPSEI10INC,Percentage of $45k+ earners in SPOCC10 based on ACS 2010,
SPVTRFAIR,Supervisor is fair,
SPWKSUP,DOES SPOUSE SUPERVISE ANYONE,"In your {response to _spfill1}'s job, does he or she supervise anyone who is directly responsible to him or her?"
SPWRKSLF,Spouse self-emp. or works for somebody,
SPWRKSTA,Spouse labor force status,
SRCBELT,SRC beltcode,
STOCKOPS,R hold any stock options of R's company,
STOCKVAL,Total dollar value of R's stock,
STRESS,How often Does R find work stressful,
STRESS12,Stress management program last 12 months,
STRESSES,How likely X s situation caused by stress,
STRREDPG,Access to stress management,
SUICIDE1,Suicide if incurable disease,Do you think a person has the right to end his or her own life if this person...has an incurable disease?
SUICIDE2,Suicide if bankrupt,Do you think a person has the right to end his or her own life if this person...has gone bankrupt?
SUICIDE3,Suicide if dishonored family,Do you think a person has the right to end his or her own life if this person...has dishonored his or her family?
SUICIDE4,Suicide if tired of living,Do you think a person has the right to end his or her own life if this person...is tired of living and ready to die?
SUPCARES,Supervisor concerned about welfare,
SUPERVIS,Does R supervise others at work in main job,
SUPHELP,Supervisor helpful to R in getting job done,
TAX,R's federal income tax,"{taxtxt} Do you consider the amount of federal income tax which you have to pay as too high, about right, or too low?"
TEAMSAFE,Mgt and employees work together re safety,
TEENS,Household members 13 thru 17 yrs old,
TEENSEX,Sex before marriage:teens 14-16,"What if they are in their early teens, say 14 to 16 years old? In that case, do you think sex relations before marriage are always wrong, almost always wrong, wrong only sometimes, or not wrong at all?"
TEMPGEN,Greenhouse effect danger to envir,
THEISM,God concerned with human beings Personally,
THNKSELF,To think for ones self,
THREATEN,R is threatened or harassed,(In your day-to-day life how often have any of the following things happened to you?) You are threatened or harassed.
TLKCLRGY,X should talk to religious leader,
TLKFAM,X should talk to family and friends,
TOOFAST,Science makes our way of life change too fast,
TOOFEWWK,How often not enough staff,
TRBIGBUS,How much trust R has in major private companies in America,
TRCOURTS,How much trust R has in American courts,
TRDUNION,Workers need strong unions,
TRUST,Can people be trusted,
TRUSTMAN,R trust management at work,
TRUSTSCI,We trust too much in science,
TRYNEWJB,How likely R make effort for new job next year,
TVHOURS,Hours per day watching TV,
UNEMP,Ever unemployed in last ten yrs,
UNHAPPY,How often R was unhappy or depressed in past 4 weeks,
UNION,Does R or spouse belong to union,
UNION1,Does R or spouse or partner belong to union,
UNRELAT,Number in household not related,
UPSDOWNS,How likely X is experiencing normal ups-and-downs of life,
UPSET,How often R's friends or family were angry with R,
USCITZN,Is R US citizen,Now we would like to ask you about U.S. citizenship. Are you…
USEDUP,How often during past month R felt used up,
USETECH,Percentage of time use tech,
USEWWW,R use www other than email,"Other than for e-mail, do you ever use the Internet or World Wide Web?"
USWARY,Expect U.S. in world war in 10 years,Do you expect the United States to fight in another world war within the next ten years?
VERSION,Version of questionnaire,
VETYEARS,Years in armed forces,
VIGFRND,How willing R would make friends with X,
VIGGRP,How willing R would have a group home for x,
VIGLABEL,How likely X is experiencing vignettes,
VIGMAR,How willing R would have X marry in R's family,
VIGNEI,How willing R would have X as a neighbor,
VIGSOC,How willing R would spend time socializing with X,
VIGVERSN, vignette version number,
VIGWORK,How willing R would work closely with X on a job,
VIRUSES,Sci knowledge: antibiotics kill viruses as well as bacteria,
VISITORS,Number of visitoR's in household,
VISNHIST,How often R visited natural history museum last year,
VISSCI,How often R visited science museum,
VISTHOLY,How often R visits holy place for religious reasons,
VISZOO,How often R visited zoo last year,
VOTE12,Did R vote in 2012 election,
VOTE16,REMEMBER IF VOTED IN 2016 ELECTION,"In 2016, you remember that Hillary Clinton ran for President on the Democratic ticket against Donald Trump for the Republicans. Do you remember for sure whether or not you voted in that election?"
VPSU,Variance primary sampling unit,
VSTRAT,Variance stratum,
WATERGEN,Water pollution danger to envir,
WAYPAID,How paid in main job,
WAYRAISE,How likely X s situation caused by the way raised,
WEALTH,Total wealth of respondent,
WEBMOB,R uses home internet through mobile device,"Do you have access to the Internet or World Wide Web in your home through a Internet-enabled mobile device like a smart phone, PDA, or BlackBerry?"
WEEKSWRK,Weeks R worked last year,
WEIGHT,R weighs how much,
WHERE1,Where is 1st person staying?,
WHERE11,Where is 11th person (visitor) staying?,
WHERE2,Where is 2nd person staying?,
WHERE3,Where is 3rd person staying?,
WHERE4,Where is 4th person staying?,
WHERE5,Where is 5th person staying?,
WHERE6,Where is 6th person staying?,
WHERE7,Where is 7th person staying?,
WHOELSE1,Presence of others: children under six,
WHOELSE2,Presence of others: older children,
WHOELSE3,Presence of others: spouse partner,
WHOELSE4,Presence of others: other relatives,
WHOELSE5,Presence of others: other adults,
WHOELSE6,Presence of others: no one,
WHYNOPET,Reason why R's family has no pet,
WHYWKHME,Usual reason R work at home,
WIDOWED,Ever been widowed,Have you ever been widowed?
WKAGEISM,R feels discriminated because of age,
WKDECIDE,How often R take part in decisions,
WKFREEDM,A lot of freedom to decide how to do job,
WKHAROTH,R threatened on the job last 12 months,
WKHARSEX,R sexually harassed on the job last 12 months,
WKPRAISE,R is likely to be praised by supervisor,
WKRACISM,R feels discriminated because of race,
WKSEXISM,R feels discriminated because of gender,
WKSMOOTH,Workplace runs in smooth manner,
WKSUB,Does R or spouse have supervisor,
WKSUB1,Does R or spouse or partneR have a supervisor,
WKSUBS,Does supervisor have supervisor,
WKSUBS1,Does supervisor have supervisor,
WKSUP,Does R or spouse supervise anyone,
WKSUP1,Does R or spouse or partner supervise anyone,
WKSUPS,Does subordinate supervise anyone,
WKSUPS1,Does subordinant supervise anyone,
WKVSFAM,How often job interferes fam life,
WLTHBLKS,Rich - poor,
WLTHHSPS,Rich - poor,
WLTHWHTS,Rich - poor,
WORDA,Word a,
WORDB,Word b,
WORDC,Word c,
WORDD,Word d,
WORDE,Word e,
WORDF,Word f,
WORDG,Word g,
WORDH,Word h,
WORDI,Word i,
WORDJ,Word j,
WORDSUM,Number words correct in vocabulary test,
WORKBLKS,Hard working - lazy,
WORKDIFF,R does numerous things on job,
WORKFAST,Job requires R to work fast,
WORKFOR1,R work for whom,
WORKHARD,To work hard,
WORKHSPS,Hard working -lazy,
WORKWHTS,Hard working - lazy,
WRKGOVT,Govt or private employee,"{response to arewere} you employed by the federal, state, or local government or by a private employer (including non-profit organizations)?"
WRKHOME,How often R works at home,
WRKSCHED,Usual work schedule,
WRKSLF,R self-emp or works for somebody,
WRKSLFFAM,DOES R WORK IN FAMILY BUSINESS OR FARM,"For this job, {response to wrkslffamfill} you work in your own family business or farm?"
WRKSTAT,Labor force status,"Last week were you working full time, part time, going to school, keeping house, or what?Please provide one response only. If you were doing more than one of these last week, select the one closest to the top of the list."
WRKTIME,R has enough time to get the job done,
WRKTYPE,Work arrangement at main job,
WRKWAYUP,Blacks overcome prejudice without favors,"Do you agree strongly, agree somewhat, neither agree nor disagree, disagree somewhat, or disagree strongly with the following statement: Irish, Italians, Jewish and many other minorities overcame prejudice and worked their way up. Blacks should do the same without special favors."
WTSS,Weight variable,
WTSSALL,Weight variable,
WTSSNR,Weight variable,
WWWHR,Www hours per week,
WWWMIN,Www minutes per week,
XMARSEX,Sex with person other than spouse,"What is your opinion about a married person having sexual relations with someone other than the marriage partner--is it always wrong, almost always wrong, wrong only sometimes, or not wrong at all?"
XMARSEX1,Is extramarital sex wrong?,
XMOVIE,Seen x-rated movie in last year,
XNORCSIZ,Expanded NORC size code,
YEAR,GSS year for this respondent,
YEARSJOB,Time at current job,
YEARSUSA,"LIVED IN U.S., YEARS:",
YEARVAL,Total dollar value of payments in that year,
YOUSUP,How many people do you supervise directly,How many people do you supervise directly?
ZODIAC,Respondents astrological sign,
